admin: 91.200.52.105 (Ukraine, Dnipropetrovsk (Marhanets)): 
admin: 91.200.52.105 (Ukraine, Dnipropetrovsk (Marhanets)): 
admin: 91.200.52.105 (Ukraine, Dnipropetrovsk (Marhanets)): 
admin: 91.200.52.105 (Ukraine, Dnipropetrovsk (Marhanets)): https://algosamurai.wishhost-free.net/office
admin: 91.200.52.105 (Ukraine, Dnipropetrovsk (Marhanets)): https://algosamurai.wishhost-free.net/connect?page=1
admin: 91.200.52.105 (Ukraine, Dnipropetrovsk (Marhanets)): https://algosamurai.wishhost-free.net/connect?page=1
admin: 91.200.52.105 (Ukraine, Dnipropetrovsk (Marhanets)): https://algosamurai.wishhost-free.net/connect?page=1
admin: 91.200.52.105 (Ukraine, Dnipropetrovsk (Marhanets)): https://algosamurai.wishhost-free.net/connect?page=1
admin: 91.200.52.105 (Ukraine, Dnipropetrovsk (Marhanets)): https://algosamurai.wishhost-free.net/connect?page=1
admin: 91.200.52.105 (Ukraine, Dnipropetrovsk (Marhanets)): https://algosamurai.wishhost-free.net/connect
admin: 91.200.52.105 (Ukraine, Dnipropetrovsk (Marhanets)): https://algosamurai.wishhost-free.net/connect
admin: 91.200.52.105 (Ukraine, Dnipropetrovsk (Marhanets)): https://algosamurai.wishhost-free.net/connect
admin: 91.200.52.105 (Ukraine, Dnipropetrovsk (Marhanets)): https://algosamurai.wishhost-free.net/connect
admin: 91.200.52.105 (Ukraine, Dnipropetrovsk (Marhanets)): 
admin: 207.62.147.218 (United States, California (Marina)): 
admin: 190.73.201.114 (Venezuela, Distrito Federal (Caracas)): 
admin: 190.73.201.114 (Venezuela, Distrito Federal (Caracas)): https://algosamurai.wishhost-free.net/office?page=1
admin: 207.62.145.73 (,  ()): 
admin: 207.62.145.73 (United States, California (Marina)): 
admin: 207.62.146.47 (,  ()): 
admin: 207.62.147.107 (,  ()): 
admin: 207.62.147.107 (,  ()): 
admin: 207.62.147.107 (,  ()): 
admin: 190.6.49.43 (,  ()): 
admin: 190.6.49.43 (,  ()): https://algosamurai.wishhost-free.net/office?page=1
admin: 190.6.49.43 (,  ()): https://algosamurai.wishhost-free.net/office?page=5
admin: 207.62.147.107 (,  ()): 
admin: 207.62.147.107 (,  ()): 
admin: 207.62.147.107 (United States, California (Marina)): 
admin: 207.62.147.107 (,  ()): 
admin: 207.62.147.107 (,  ()): 
admin: 207.62.147.107 (,  ()): https://algosamurai.wishhost-free.net/connect?page=1
admin: 207.62.147.107 (,  ()): https://algosamurai.wishhost-free.net/connect
admin: 207.62.147.107 (,  ()): https://algosamurai.wishhost-free.net/connect?page=1
admin: 89.37.173.22 (,  ()): 
admin: 89.37.173.22 (,  ()): https://algosamurai.wishhost-free.net/connect?page=1
admin: 190.6.49.127 (,  ()): 
admin: 207.62.147.107 (,  ()): 
admin: 207.62.147.107 (,  ()): 
admin: 207.62.147.107 (United States, California (Marina)): 
admin: 207.62.147.107 (,  ()): 
admin: 207.62.147.121 (,  ()): 
admin: 207.62.147.121 (,  ()): 
admin: 207.62.147.121 (,  ()): 
admin: 207.62.147.121 (,  ()): 
admin: 207.62.144.156 (,  ()): 
admin: 207.62.144.156 (United States, California (Marina)): 
admin: 207.62.144.156 (United States, California (Marina)): 
admin: 207.62.144.156 (,  ()): 
admin: 12.32.75.246 (United States, California (Marina)): 
admin: 207.62.144.156 (United States, California (Marina)): 
admin: 207.62.144.156 (United States, California (Marina)): 
admin: 207.62.144.156 (United States, California (Marina)): 
admin: 190.153.106.31 (Venezuela, Miranda (Los Dos Caminos)): 
admin: 12.32.75.246 (United States, California (Sunnyvale)): 
admin: 190.153.106.232 (Venezuela, Lara (Barquisimeto)): 
admin: 12.32.75.246 (United States, California (Seaside)): 
admin: 207.62.144.156 (United States, California (Marina)): 
admin: 190.153.106.232 (Venezuela, Lara (Barquisimeto)): 
admin: 207.62.144.156 (United States, California (Marina)): 
admin: 207.62.144.156 (United States, California (Marina)): https://algosamurai.wishhost-free.net/connect?page=1
admin: 207.62.144.156 (United States, California (Marina)): https://algosamurai.wishhost-free.net/connect
admin: 12.32.75.246 (United States, California (Seaside)): 
admin: 12.32.75.246 (United States, California (Seaside)): 
admin: 12.32.75.246 (United States, California (Seaside)): 
admin: 181.51.88.98 (Colombia, Valle del Cauca (Cali)): 
admin: 190.153.106.35 (Venezuela, Lara (Barquisimeto)): 
admin: 190.153.106.35 (Venezuela, Lara (Barquisimeto)): https://algosamurai.wishhost-free.net/connect?page=4
admin: 190.153.118.233 (,  ()): 
